,Date,Description,ID,Link,Title
0,2019-03-15,"Universitätsklinikum Leipzig, Bereich Plastische, ästhetische und spezielle Handchirurgie Wir suchen einen Facharzt Plastische Chirurgie (alternativ Unfallchirurgie/Orthopädie) mit Option auf eine zunächst Funktionsoberarztstelle für ein sehr breites und anspruchsvolles plastisch-rekonstruktives, mikrochirurgisches OP-Spektrum am Universitätsklinikum Leipzig. Das Universitätsklinikum Leipzig ist ein Haus der Supra-Maximalversorgung. In der Klinik für Orthopädie, Unfallchirurgie und Plastische Chirurgie (OUP) wurde 2012 der […]",post-6007,"[<a href=""https://www.dgpraec.de/jobs/facharzt-in-leipzig-gesucht/"" rel=""bookmark"">Facharzt in Leipzig gesucht</a>, <a href=""https://www.dgpraec.de/jobs/facharzt-in-leipzig-gesucht/"">weiterlesen</a>]",Facharzt in Leipzig gesucht
1,2019-03-14,"Die Klinik für Plastische Chirurgie, Hand- und Mikrochirurgie des Diakovere Krankenhauses gGmbH Friederikenstift Hannover sucht zum nächst möglichen Termin eine/n Oberärztin/-arzt. Das Diakovere Krankenhaus gGmbH Friederikenstift Hannover ist ein Haus der Schwerpunktversorgung mit 2 Standorten im Zentrum Hannovers. Die Klinik für Plastische, Hand- und Mikrochirurgie führt ca. 1450 stationäre und 700 ambulante Eingriffe pro Jahr […]",post-5998,"[<a href=""https://www.dgpraec.de/jobs/oberaerztin-arzt-in-hannover-gesucht-3/"" rel=""bookmark"">Oberärztin/-arzt in Hannover gesucht</a>, <a href=""https://www.dgpraec.de/jobs/oberaerztin-arzt-in-hannover-gesucht-3/"">weiterlesen</a>]",Oberärztin/-arzt in Hannover gesucht
2,2019-03-14,"Unsere renommierte Privatpraxis im Südwesten ist spezialisiert auf plastisch-ästhetische Behandlungen und Operationen des Gesichts mittels operativen und nicht-operativen Methoden, sowie Operationen der weiblichen Brust. Wir bieten in modernsten Räumlichkeiten mit direktem Klinikanschluss eine Rundumbetreuung vor und nach operativen Eingriffen und Behandlungen nach modernsten Standards. Ausführliche Beratung und umfassende Betreuung unserer anspruchsvollen, auch überregionalen Patienten vor […]",post-5995,"[<a href=""https://www.dgpraec.de/jobs/fachaerztin-facharzt-fuer-plastische-aesthetische-chirurgie-in-privatpraxis/"" rel=""bookmark"">Fachärztin / Facharzt für Plastische &amp; Ästhetische Chirurgie in Privatpraxis</a>, <a href=""https://www.dgpraec.de/jobs/fachaerztin-facharzt-fuer-plastische-aesthetische-chirurgie-in-privatpraxis/"">weiterlesen</a>]",Fachärztin / Facharzt für Plastische & Ästhetische Chirurgie in Privatpraxis
3,2019-03-14,"Im Rahmen einer Stellennachbesetzung ist voraussichtlich zum 01.04.2019 eine Stelle als Assistenzarzt/-ärztin für Plastische und Ästhetische Chirurgie am Klinikum Stadt Soest in der Klinik für Plastische, Hand- und Wiederherstellungschirurgie zu besetzen. Die weitere Ausbildung zum Facharzt für Plastische Chirurgie kann hier erfolgen und die Weiterbildungsermächtigung zur Zusatzbezeichnung Handchirurgie ist beantragt. Wir bieten Ihnen ein Arbeitsumfeld […]",post-5989,"[<a href=""https://www.dgpraec.de/jobs/assistenzarzt-aerztin-handchirurgie-oder-plastische-chirurgie-voraussichtlich-ab-01-04-2019-gesucht/"" rel=""bookmark"">Assistenzarzt/-ärztin Handchirurgie oder Plastische Chirurgie voraussichtlich ab 01.04.2019 gesucht</a>, <a href=""https://www.dgpraec.de/jobs/assistenzarzt-aerztin-handchirurgie-oder-plastische-chirurgie-voraussichtlich-ab-01-04-2019-gesucht/"">weiterlesen</a>]",Assistenzarzt/-ärztin Handchirurgie oder Plastische Chirurgie voraussichtlich ab 01.04.2019 gesucht
4,2019-03-13,"Wir, die Alster-Klinik, sind eine Privatklinik für Plastische und Ästhetische Chirurgie (§30 GewO) mit eigenem OP im Herzen Hamburgs. Zur Verstärkung unseres Teams, suchen wir ab sofort eine/n Facharzt/in für Plastische Chirurgie mit Erfahrung und/oder überdurchschnittlichem operativem Talent in der Ästhetischen Chirurgie. Selbstverständlich arbeiten wir Sie in unser OP-Spektrum ein: Brustkorrekturen, Liposuktionen, Facelift und Rhinoplastiken. […]",post-5979,"[<a href=""https://www.dgpraec.de/jobs/facharzt-in-fuer-plastische-und-aesthetische-chirurgie-in-hamburger-privatklinik-gesucht/"" rel=""bookmark"">Facharzt/in für Plastische und Ästhetische Chirurgie in Hamburger Privatklinik gesucht</a>, <a href=""https://www.dgpraec.de/jobs/facharzt-in-fuer-plastische-und-aesthetische-chirurgie-in-hamburger-privatklinik-gesucht/"">weiterlesen</a>]",Facharzt/in für Plastische und Ästhetische Chirurgie in Hamburger Privatklinik gesucht
5,2019-03-13,"Die Klinikum Ernst von Bergmann Klinik gGmbH sucht einen Oberarzt/ eine Oberärztin (Vollzeit / ggf. Teilzeit) für die Abteilung Plastische, Ästhetische und Rekonstruktive Chirurgie am Standort Bad Belzig unter der Leitung von Chefarzt Dr. med. Mojtaba Ghods. Das Klinikum Ernst von Bergman gGmbH ist der größte Klinikträger im Land Brandenburg mit Kliniken in Potsdam, Forst, […]",post-5968,"[<a href=""https://www.dgpraec.de/jobs/oberarzt-oberaerztin-fuer-die-abteilung-plastische-aesthetische-und-rekonstruktive-chirurgie-am-standort-bad-belzig-gesucht/"" rel=""bookmark"">Oberarzt / Oberärztin für die  Abteilung der Plastischen, Ästhetischen und Rekonstruktiven Chirurgie in der Klinik Ernst von Bergmann Bad Belzig gesucht</a>, <a href=""https://www.dgpraec.de/jobs/oberarzt-oberaerztin-fuer-die-abteilung-plastische-aesthetische-und-rekonstruktive-chirurgie-am-standort-bad-belzig-gesucht/"">weiterlesen</a>]","Oberarzt / Oberärztin für die  Abteilung der Plastischen, Ästhetischen und Rekonstruktiven Chirurgie in der Klinik Ernst von Bergmann Bad Belzig gesucht"
6,2019-03-12,"Für unsere Klinik für Plastische, Hand- und wiederherstellende Chirurgie suchen wir zum nächstmöglichen Zeitpunkt eine/n Oberarzt für Plastische und Ästhetische Chirurgie. Dem Krankenhausverbund der Barmherzigen Brüder in Bayern gehören die Krankenhäuser in Regensburg, Straubing, München und Schwandorf an. Das Krankenhaus Barmherzige Brüder Regensburg ist akademisches Lehrkrankenhaus der Universität Regensburg und mit 905 Planbetten und rund […]",post-5946,"[<a href=""https://www.dgpraec.de/jobs/oberarzt-w-m-fuer-plastische-und-aesthetische-chirurgie-in-regensburg-gesucht/"" rel=""bookmark"">Oberarzt (w/m) für Plastische und Ästhetische Chirurgie in Regensburg gesucht</a>, <a href=""https://www.dgpraec.de/jobs/oberarzt-w-m-fuer-plastische-und-aesthetische-chirurgie-in-regensburg-gesucht/"">weiterlesen</a>]",Oberarzt (w/m) für Plastische und Ästhetische Chirurgie in Regensburg gesucht
7,2019-03-11,"Für die Klinik für Plastische, Ästhetische und Handchirurgie (Chefarzt Dr. Tomislav Dodic, MBA) am Standort Wetzlar suchen wir zum 1. Juli 2019 bzw. zum nächstmöglichen Zeitpunkt einen Assistenzarzt (m/w/d) in Weiterbildung (Vollzeit) Die Klinik für Plastische, Ästhetische und Handchirurgie am Klinikum Wetzlar ist eine klinische Hauptabteilung mit 14 stationären Betten und einem Stellenschlüssel von 1-1-3. […]",post-5941,"[<a href=""https://www.dgpraec.de/jobs/assistenzarzt-m-w-d-in-wetzlar-gesucht/"" rel=""bookmark"">Assistenzarzt (m/w/d) in Wetzlar gesucht</a>, <a href=""https://www.dgpraec.de/jobs/assistenzarzt-m-w-d-in-wetzlar-gesucht/"">weiterlesen</a>]",Assistenzarzt (m/w/d) in Wetzlar gesucht
8,2019-03-07,"Wir bieten: bestens eingeführte Praxis seit über 25 Jahren KV Zulassung vorhanden breites Operationsspektrum gut organisiertes und freundliches Praxisteam sehr gut ausgestattete Praxisräume für ambulante Operationen, auch in Narkose Belegbetten in unmittelbarer räumlicher Nähe Einarbeitung in die organisatorischen und fachlichen Aufgaben einer selbständigen Praxis ist gewährleistet Selbstbestimmtes Arbeiten ohne Nacht- und Wochenenddienste – auch der […]",post-5932,"[<a href=""https://www.dgpraec.de/jobs/praxissitz-in-gemeinschaftspraxis-fuer-plastische-und-aesthetische-chirurgie-im-grossraum-muenchen-abzugeben-2/"" rel=""bookmark"">Praxissitz in Gemeinschaftspraxis für Plastische und Ästhetische Chirurgie im Großraum München abzugeben</a>, <a href=""https://www.dgpraec.de/jobs/praxissitz-in-gemeinschaftspraxis-fuer-plastische-und-aesthetische-chirurgie-im-grossraum-muenchen-abzugeben-2/"">weiterlesen</a>]",Praxissitz in Gemeinschaftspraxis für Plastische und Ästhetische Chirurgie im Großraum München abzugeben
9,2019-03-05,Das Alfried Krupp Krankenhaus gehört mit 900 Betten und circa 2.200 Beschäftigten an zwei Häusern zu den großen Krankenhauseinrichtungen in Essen. Als eines der führenden Häuser der Akutversorgung in Nordrhein-Westfalen hat das Alfried Krupp Krankenhaus mit einem breiten Leistungsangebot und einer medizinischen Versorgung auf hohem Niveau eine überregionale Bedeutung. Als Akademisches Lehrkrankenhaus der Universität Duisburg-Essen […],post-5928,"[<a href=""https://www.dgpraec.de/jobs/assistenzarzt-m-w-d-fuer-die-plastische-chirurgie-und-aesthetische-chirurgie-im-alfried-krupp-krankenhaus-in-essen-gesucht/"" rel=""bookmark"">Assistenzarzt (m/w/d) für die Plastische Chirurgie und Ästhetische Chirurgie im Alfried Krupp Krankenhaus in Essen gesucht</a>, <a href=""https://www.dgpraec.de/jobs/assistenzarzt-m-w-d-fuer-die-plastische-chirurgie-und-aesthetische-chirurgie-im-alfried-krupp-krankenhaus-in-essen-gesucht/"">weiterlesen</a>]",Assistenzarzt (m/w/d) für die Plastische Chirurgie und Ästhetische Chirurgie im Alfried Krupp Krankenhaus in Essen gesucht
10,2019-03-05,Wir suchen eine(n) Facharzt/Fachärztin für Plastische und Ästhetische Chirurgie mit hinreichender Erfahrung in der Ästhetischen Chirurgie. Sie sind aufgeschlossen und empathisch? Dann könnten wir Ihr zukünftiger Partner sein. Als eine der wenigen Privatkliniken für Plastische Chirurgie (§30 GewO) im Ruhrgebiet bieten wir Ihnen eine zukunftsweisende berufliche Perspektive in einem sehr professionellen Umfeld. Es bestehen vielfältige […],post-5916,"[<a href=""https://www.dgpraec.de/jobs/facharzt-fachaerztin-fuer-privatklinik-in-essen-gesucht/"" rel=""bookmark"">Facharzt/Fachärztin für Privatklinik in Essen gesucht</a>, <a href=""https://www.dgpraec.de/jobs/facharzt-fachaerztin-fuer-privatklinik-in-essen-gesucht/"">weiterlesen</a>]",Facharzt/Fachärztin für Privatklinik in Essen gesucht
11,2019-03-04,"Die Klinikum Lippe GmbH ist Träger der beiden Schwerpunktkrankenhäuser Detmold und Lemgo sowie einer Kinder- und Jugendpsychiatrie und eines Ambulanten Gesundheitszentrums am Standort Bad Salzuflen. Als anerkannte Akademische Lehrkrankenhäuser der Medizinischen Hochschule Hannover versorgen wir in insgesamt 29 bettenführenden Fachabteilungen und 1.390 Planbetten den Kreis Lippe mit ca. 365.000 Einwohnern. Für die Klinik für Plastische, […]",post-5909,"[<a href=""https://www.dgpraec.de/jobs/oberarzt-m-w-bzw-funktionsoberarzt-m-w-in-detmold-gesucht/"" rel=""bookmark"">Oberarzt (m/w) bzw. Funktionsoberarzt (m/w) in Detmold gesucht</a>, <a href=""https://www.dgpraec.de/jobs/oberarzt-m-w-bzw-funktionsoberarzt-m-w-in-detmold-gesucht/"">weiterlesen</a>]",Oberarzt (m/w) bzw. Funktionsoberarzt (m/w) in Detmold gesucht
12,2019-03-01,Die Klinik für Plastische und Ästhetische Chirurgie an den Kreiskliniken Groß-Umstadt sucht ab sofort eine/n Facharzt/-in für Plastische und Ästhetische Chirurgie zur Besetzung der zweiten Oberarztstelle. Die Klinik für Plastische und Ästhetische Chirurgie bietet – mit Ausnahme der Mikrochirurgie – das gesamte Spektrum der modernen Plastischen Rekonstruktiven und Ästhetischen Chirurgie an. Besondere Schwerpunkte der Klinik: […],post-5897,"[<a href=""https://www.dgpraec.de/jobs/facharzt-fachaerztin-gesuchtfuer-die-klinik-fuer-plastische-und-aesthetische-chirurgie-an-den-kreiskliniken-gross-umstadt-suedhessen/"" rel=""bookmark"">Facharzt/Fachärztin gesucht für die Klinik für Plastische und Ästhetische Chirurgie an den Kreiskliniken Groß-Umstadt / Südhessen</a>, <a href=""https://www.dgpraec.de/jobs/facharzt-fachaerztin-gesuchtfuer-die-klinik-fuer-plastische-und-aesthetische-chirurgie-an-den-kreiskliniken-gross-umstadt-suedhessen/"">weiterlesen</a>]",Facharzt/Fachärztin gesucht für die Klinik für Plastische und Ästhetische Chirurgie an den Kreiskliniken Groß-Umstadt / Südhessen
13,2019-03-01,Die Klinik für Plastische und Ästhetische Chirurgie an den Kreiskliniken Groß-Umstadt sucht ab sofort einen/e Assistenzarzt/-in für Plastische und Ästhetische Chirurgie. Die Klinik für Plastische und Ästhetische Chirurgie bietet – mit Ausnahme der Mikrochirurgie – das gesamte Spektrum der modernen Plastischen Rekonstruktiven und Ästhetischen Chirurgie an. Besondere Schwerpunkte der Klinik: Hauttumorchirurgie des Kopf-Gesicht-Halsbereiches Postbariatrische Chirurgie […],post-5892,"[<a href=""https://www.dgpraec.de/jobs/assistenzarzt-gesuchtfuer-die-klinik-fuer-plastische-und-aesthetische-chirurgie-an-den-kreiskliniken-gross-umstadt-suedhessen/"" rel=""bookmark"">Assistenzarzt gesucht für die Klinik für Plastische und Ästhetische Chirurgie an den Kreiskliniken Groß-Umstadt / Südhessen</a>, <a href=""https://www.dgpraec.de/jobs/assistenzarzt-gesuchtfuer-die-klinik-fuer-plastische-und-aesthetische-chirurgie-an-den-kreiskliniken-gross-umstadt-suedhessen/"">weiterlesen</a>]",Assistenzarzt gesucht für die Klinik für Plastische und Ästhetische Chirurgie an den Kreiskliniken Groß-Umstadt / Südhessen
14,2019-02-25,"In unserer Privatklinik für plastische und ästhetische Chirurgie wird ab sofort eine Fachärztin beziehungsweise ein Facharzt für Plastische und Ästhetische Chirurgie, Chirurige oder Dermatologie gesucht. Wir bieten die Möglichkeit einer Teilzeit- oder Vollzeitbeschäftigung oder auch eine Niederlassung innerhalb der Klinik in Form einer engen Kooperation je nach Vereinbarung. Die Klinik im Kö-Bogen ist der Düsseldorfer […]",post-5868,"[<a href=""https://www.dgpraec.de/jobs/fachaerztin-facharzt-in-duesseldorfer-privatklinik-gesucht/"" rel=""bookmark"">Fachärztin / Facharzt in Düsseldorfer Privatklinik gesucht</a>, <a href=""https://www.dgpraec.de/jobs/fachaerztin-facharzt-in-duesseldorfer-privatklinik-gesucht/"">weiterlesen</a>]",Fachärztin / Facharzt in Düsseldorfer Privatklinik gesucht
15,2019-02-19,Engagierte/r Facharzt/ Fachärztin für Plastische und Ästhetische Chirurgie mit fundierten Erfahrungen in der Ästhetischen Chirurgie sowie Empathie für unsere Patienten/innen zur eigenverantwortlichen Mitarbeit und mittelfristigen Übernahme einer renommierten und lukrativen Privatpraxis mit Betten in einer modernen Belegklinik in Hannover gesucht. Verhandelbare Gestaltungsmöglichkeiten des Arbeitsverhältnisses und des Praxisübernahmemodells. Aussagekräftige Bewerbungen mit Foto bitte an RenommiertePrivatpraxis@t-online.de,post-5520,"[<a href=""https://www.dgpraec.de/jobs/fachaerztin-arzt-fuer-privatpraxis-in-hannover-gesucht/"" rel=""bookmark"">Fachärztin/-arzt für Privatpraxis in Hannover gesucht</a>, <a href=""https://www.dgpraec.de/jobs/fachaerztin-arzt-fuer-privatpraxis-in-hannover-gesucht/"">weiterlesen</a>]",Fachärztin/-arzt für Privatpraxis in Hannover gesucht
16,2019-02-18,"Das Klinikum Magdeburg ist ein führendes Akutkrankenhaus des Landes Sachsen-Anhalt und genießt auf diversen Fachgebieten bundesweit eine hervorragende Reputation. In 21 Kliniken und Instituten decken wir mit rund 1.850 Mitarbeitern das gesamte Spektrum klinischer Versorgung ab. Innerhalb unserer Klinik für Plastische, Ästhetische und Handchirurgie suchen wir ab sofort in Vollzeit (40 h/Woche), befristet für ein […]",post-5512,"[<a href=""https://www.dgpraec.de/jobs/assistenzarzt-fuer-plastische-aesthetische-und-handchirurgie-w-m-d-in-magdeburg-gesucht/"" rel=""bookmark"">Assistenzarzt für Plastische, Ästhetische und Handchirurgie (w/m/d) in Magdeburg gesucht</a>, <a href=""https://www.dgpraec.de/jobs/assistenzarzt-fuer-plastische-aesthetische-und-handchirurgie-w-m-d-in-magdeburg-gesucht/"">weiterlesen</a>]","Assistenzarzt für Plastische, Ästhetische und Handchirurgie (w/m/d) in Magdeburg gesucht"
17,2019-02-18,"Die Bergmannsheil und Kinderklinik Buer GmbH sucht für das Bergmannsheil Buer zum nächstmöglichen Zeitpunkt eine/n Oberärztin/arzt (m/w) für unsere Klinik für Plastische Chirurgie/Handchirurgie. Die Klinik für Plastische Chirurgie/Handchirurgie verfügt über 36 Betten sowie eine Intensivstation für Schwerstbrandverletzte mit 4 Betten. Der Tätigkeitsbereich umfasst das gesamte Gebiet der Plastischen Chirurgie, einschließlich Handchirurgie, Mikrochirurgie und Intensivmedizin für […]",post-5508,"[<a href=""https://www.dgpraec.de/jobs/oberaerztin-arzt-m-w-in-der-klinik-fuer-plastische-chirurgie-handchirurgie-in-gelsenkirchen-gesucht/"" rel=""bookmark"">Oberärztin/arzt (m/w) in der Klinik für Plastische Chirurgie/Handchirurgie in Gelsenkirchen gesucht</a>, <a href=""https://www.dgpraec.de/jobs/oberaerztin-arzt-m-w-in-der-klinik-fuer-plastische-chirurgie-handchirurgie-in-gelsenkirchen-gesucht/"">weiterlesen</a>]",Oberärztin/arzt (m/w) in der Klinik für Plastische Chirurgie/Handchirurgie in Gelsenkirchen gesucht
18,2019-02-13,"Zur Verstärkung unseres Teams der Chirurgischen Klinik III, der Klinik für Plastische-, Ästhetische- und Handchirurgie suchen wir zum nächstmöglichen Zeitpunkt einen engagierten Oberarzt (w/m) An der Klinik wird das gesamte Spektrum der Plastischen-, Ästhetischen- und Handchirurgie incl. der Mikrochirurgie, der Replantationen sowie der freien Lappenplastiken angeboten. Durch unsere Beteiligung am Brustzentrum liegt ein Schwerpunkt in […]",post-5500,"[<a href=""https://www.dgpraec.de/jobs/fachaerztin-arzt-als-oberarzt-fuer-klinik-in-schwaebisch-hall-gesucht/"" rel=""bookmark"">Fachärztin/-arzt als Oberarzt für Klinik in Schwäbisch Hall gesucht</a>, <a href=""https://www.dgpraec.de/jobs/fachaerztin-arzt-als-oberarzt-fuer-klinik-in-schwaebisch-hall-gesucht/"">weiterlesen</a>]",Fachärztin/-arzt als Oberarzt für Klinik in Schwäbisch Hall gesucht
19,2019-02-12,"Universitätsklinikum Leipzig, Bereich Plastische, ästhetische und spezielle Handchirurgie Wir suchen ein/e Weiterbildungsassistent/in mit bereits abgeschlossenem Common Trunk oder Facharzt Plastische Chirurgie / Orthopädie /Trauma/Chirurgie für ein sehr breites und anspruchsvolles plastisch-rekonstruktives, mikrochirurgisches OP-Spektrum am Universitätsklinikum Leipzig.   Das Universitätsklinikum Leipzig ist ein Haus der Supra-Maximalversorgung. In der Klinik für Orthopädie, Unfallchirurgie und Plastische Chirurgie (OUP) […]",post-5494,"[<a href=""https://www.dgpraec.de/jobs/weiterbildungsassistent-in-oder-facharzt-in-leipzig-gesucht/"" rel=""bookmark"">Weiterbildungsassistent/in oder Facharzt in Leipzig gesucht</a>, <a href=""https://www.dgpraec.de/jobs/weiterbildungsassistent-in-oder-facharzt-in-leipzig-gesucht/"">weiterlesen</a>]",Weiterbildungsassistent/in oder Facharzt in Leipzig gesucht
20,2019-02-12,"Fachklinik für operative Lymphologie in Köln – CG LYMPHA GmbH – sucht Facharzt (m/w/d) aus dem Gebiet Chirurgie, plastische Chirurgie oder operative Dermatologie Die CG LYMPHA GmbH ist die weltweit erste und bisher einzige Fachklinik für operative Lymphologie. Wir sind mit zwei Standorten in Köln lokalisiert: im Gereonshaus werden Patienten mit lymphologischen Erkrankungen diagnostiziert und […]",post-5478,"[<a href=""https://www.dgpraec.de/jobs/fachklinik-fuer-operative-lymphologie-in-koeln-sucht-facharzt-m-w-d/"" rel=""bookmark"">Fachklinik für operative Lymphologie in Köln sucht Facharzt (m/w/d)</a>, <a href=""https://www.dgpraec.de/jobs/fachklinik-fuer-operative-lymphologie-in-koeln-sucht-facharzt-m-w-d/"">weiterlesen</a>]",Fachklinik für operative Lymphologie in Köln sucht Facharzt (m/w/d)
21,2019-02-11,"Die Nürnberger Klinik für Ästhetisch-Plastische Chirurgie steht für natürlich strahlende Schönheit. Unsere Aufgabe ist es, Menschen mit kosmetischen operativen und/oder konservativen Treatment-Wünschen vertrauenswürdig und hochwertig zu behandeln. Daran arbeiten wir mit rund 25 Kollegen und freuen uns auf tatkräftige Unterstützung. Ihre Aufgaben: Sie beraten unsere Patienten zu Behandlungen/Operationen aus unserem gesamten Portfolio Sie erstellen Behandlungspläne […]",post-5472,"[<a href=""https://www.dgpraec.de/jobs/assistenzarzt-aerztin-m-w-d-fuer-plastische-und-aesthetische-chirurgie-gesucht/"" rel=""bookmark"">Assistenzarzt/-ärztin (m/w/d) für Plastische und Ästhetische Chirurgie gesucht</a>, <a href=""https://www.dgpraec.de/jobs/assistenzarzt-aerztin-m-w-d-fuer-plastische-und-aesthetische-chirurgie-gesucht/"">weiterlesen</a>]",Assistenzarzt/-ärztin (m/w/d) für Plastische und Ästhetische Chirurgie gesucht
22,2019-02-11,"Zum nächstmöglichen Zeitpunkt sucht die Heidelberger Klinik proaesthetic, 1993 gegründet, einen/e Facharzt/-ärztin für Plastische und Ästhetische Chirurgie oder Chirurgie Ihre Aufgaben: Selbstständige Organisation der Abläufe OP-Planung und Durchführung der Operationen der kosmetischen und ästhetischen Chirurgie Ihr Profil: Erfahrungen und selbständiges Operieren im Spektrum der kosmetischen Chirurgie Engagement, Flexibilität und Teamfähigkeit Freude an der Arbeit im […]",post-5470,"[<a href=""https://www.dgpraec.de/jobs/facharzt-aerztin-fuer-plastische-und-aesthetische-chirurgie-oder-chirurgie-gesucht-2/"" rel=""bookmark"">Facharzt/-ärztin für Plastische und Ästhetische Chirurgie oder Chirurgie gesucht</a>, <a href=""https://www.dgpraec.de/jobs/facharzt-aerztin-fuer-plastische-und-aesthetische-chirurgie-oder-chirurgie-gesucht-2/"">weiterlesen</a>]",Facharzt/-ärztin für Plastische und Ästhetische Chirurgie oder Chirurgie gesucht
23,2019-02-07,"Für die Klinik für Plastische und Ästhetische Chirurgie, Handchirurgie am Marienkrankenhaus in Schwerte suchen wir zum nächstmöglichen Zeitpunkt aufgrund einer Stellenerweiterung einen Assistenzarzt (w/m) -(Voraussetzung abgeschlossener Common Trunk) oder Facharzt für Plastische Chirurgie. Die Klinik für Plastische- Ästhetische Chirurgie verfügt über eine eigene Station mit 35 Betten sowie über einen Stellenschlüssel von 1-4-4,5. Schwerpunkte der […]",post-5467,"[<a href=""https://www.dgpraec.de/jobs/assistenzarzt-facharzt-w-m-fuer-die-klinik-fuer-plastische-aesthetische-chirurgie-handchirurgie-am-marienkrankenhaus-in-schwerte-gesucht/"" rel=""bookmark"">Assistenzarzt-/ Facharzt (w/m) für die Klinik für Plastische- Ästhetische Chirurgie-Handchirurgie am Marienkrankenhaus in Schwerte gesucht</a>, <a href=""https://www.dgpraec.de/jobs/assistenzarzt-facharzt-w-m-fuer-die-klinik-fuer-plastische-aesthetische-chirurgie-handchirurgie-am-marienkrankenhaus-in-schwerte-gesucht/"">weiterlesen</a>]",Assistenzarzt-/ Facharzt (w/m) für die Klinik für Plastische- Ästhetische Chirurgie-Handchirurgie am Marienkrankenhaus in Schwerte gesucht
24,2019-02-06,"Wir sind eine Privatpraxis für ästhetische Chirurgie und spezialisiert auf ästhetische Chirurgie des Gesichts, der Brust und körperformende Eingriffe. Zur Verstärkung unseres Teams suchen wir einen Facharzt/Fachärztin für Plastische und ästhetische Chirurgie mit umfangreicher Erfahrung in Brustchirurgie, Liposuktion, Straffungsoperationen und Faltenbehandlung oder Haartransplantation. Ihr Ziel sollte eine langfristige Zusammenarbeit mit Aufbau einer eigenen Sprechstunde und […]",post-5465,"[<a href=""https://www.dgpraec.de/jobs/privatpraxis-im-saarland-sucht-verstaerkung-fuer-ihr-team/"" rel=""bookmark"">Privatpraxis im Saarland sucht Verstärkung für ihr Team</a>, <a href=""https://www.dgpraec.de/jobs/privatpraxis-im-saarland-sucht-verstaerkung-fuer-ihr-team/"">weiterlesen</a>]",Privatpraxis im Saarland sucht Verstärkung für ihr Team
25,2019-01-30,"Das Klinikum Magdeburg ist ein führendes Akutkrankenhaus des Landes Sachsen-Anhalt und genießt auf diversen Fachgebieten bundesweit eine hervorragende Reputation. In 21 Kliniken und Instituten decken wir mit rund 1.850 Mitarbeitern nahezu das gesamte Spektrum klinischer Versorgung ab. Innerhalb  unserer  Klinik  für  Plastische, Ästhetische  und  Handchirurgie suchen  wir  unbefristet ab sofort in Vollzeit  (40 h/Woche) einen […]",post-5447,"[<a href=""https://www.dgpraec.de/jobs/oberarzt-w-m-d-in-magdeburg-gesucht/"" rel=""bookmark"">Oberarzt (w/m/d) in Magdeburg gesucht</a>, <a href=""https://www.dgpraec.de/jobs/oberarzt-w-m-d-in-magdeburg-gesucht/"">weiterlesen</a>]",Oberarzt (w/m/d) in Magdeburg gesucht
26,2019-01-23,"Die Klinik für Plastische Chirurgie, Handchirurgie und Intensiveinheit für Schwerbrandverletzte sucht zum nächstmöglichen Zeitpunkt einen Oberarzt oder Oberärztin, zunächst befristet auf zwei Jahre. Die Klinik für Plastische Chirurgie ist der einzige plastisch-chirurgische Maximalversorger in Schleswig-Holstein und deckt das gesamte Gebiet der Plastischen Chirurgie einschließlich der Handchirurgie und Verbrennungschirurgie mit eigener Intensiveinheit mit vier Betten ab. […]",post-5433,"[<a href=""https://www.dgpraec.de/jobs/oberarzt-oberaerztin-im-universitaetsklinikum-schleswig-holstein-gesucht/"" rel=""bookmark"">Oberarzt / Oberärztin im Universitätsklinikum Schleswig-Holstein gesucht</a>, <a href=""https://www.dgpraec.de/jobs/oberarzt-oberaerztin-im-universitaetsklinikum-schleswig-holstein-gesucht/"">weiterlesen</a>]",Oberarzt / Oberärztin im Universitätsklinikum Schleswig-Holstein gesucht
27,2019-01-22,"Wir sind eine etablierte Praxisklinik mit dem Schwerpunkt Ästhetische Chirurgie. Wir führen ambulante und stationäre Operationen durch. Zur Erweiterung unseres Therapiespektrums suchen wir ab sofort einen Facharzt für Plastische Chirurgie mit Kenntnissen in der Ästhetischen Chirurgie, Schwerpunkt Nasenchirurgie und/oder Brustchirurgie wären wünschenswert. Alle Möglichkeiten der Partnerschaft sind verhandelbar.  Bei Interesse schreiben Sie uns gerne unter […]",post-5431,"[<a href=""https://www.dgpraec.de/jobs/moeglichkeit-zur-partnerschaft-in-etablierter-praxisklinik-in-westfalen-facharzt-fuer-plastische-und-aesthetische-chirurgie-m-w-oder-komplementaere-fachrichtung-gesucht/"" rel=""bookmark"">Möglichkeit zur Partnerschaft in etablierter Praxisklinik in Westfalen, Facharzt für Plastische und Ästhetische Chirurgie (m/w) oder komplementäre Fachrichtung gesucht</a>, <a href=""https://www.dgpraec.de/jobs/moeglichkeit-zur-partnerschaft-in-etablierter-praxisklinik-in-westfalen-facharzt-fuer-plastische-und-aesthetische-chirurgie-m-w-oder-komplementaere-fachrichtung-gesucht/"">weiterlesen</a>]","Möglichkeit zur Partnerschaft in etablierter Praxisklinik in Westfalen, Facharzt für Plastische und Ästhetische Chirurgie (m/w) oder komplementäre Fachrichtung gesucht"
28,2019-01-22,"Beschreibung der Klinik Das HELIOS-Klinikum Krefeld ist ein modernes Haus der Maximalversorgung und Akademisches Lehrkrankenhaus der RWTH Aachen mit derzeit über 1.000 Betten. Die Klinik für Plastische, Rekonstruktive und Ästhetische Chirurgie verfügt über eine eigene Station mit 20 Betten. Der Stellenschlüssel ist 1-3-3. Schwerpunkte der Klinik liegen auf dem Gebiet der Rekonstruktiven und Ästhetischen Chirurgie, […]",post-5429,"[<a href=""https://www.dgpraec.de/jobs/arzt-in-weiterbildung-m-w-plastische-und-aesthetische-chirurgie-in-der-helios-klinikum-krefeld-zum-01-03-2019-gesucht/"" rel=""bookmark"">Arzt in Weiterbildung (m/w) Plastische und Ästhetische Chirurgie in der HELIOS Klinikum Krefeld zum 01.03.2019 gesucht</a>, <a href=""https://www.dgpraec.de/jobs/arzt-in-weiterbildung-m-w-plastische-und-aesthetische-chirurgie-in-der-helios-klinikum-krefeld-zum-01-03-2019-gesucht/"">weiterlesen</a>]",Arzt in Weiterbildung (m/w) Plastische und Ästhetische Chirurgie in der HELIOS Klinikum Krefeld zum 01.03.2019 gesucht
29,2019-01-17,"Das Klinikum rechts der Isar der Technischen Universität München widmet sich mit 1.161 Betten und rund 5.500 Mitarbeitern der Krankenversorgung, der Forschung und der Lehre. Jährlich profitieren rund 60.000 Patienten von der stationären und rund 240.000 Patienten von der ambulanten Betreuung. Das Klinikum ist ein Haus der Supra-­‐Maximalversorgung, das das gesamte Spektrum moderner Medizin abdeckt. […]",post-5405,"[<a href=""https://www.dgpraec.de/jobs/oberarzt-oberaerztin-in-muenchen-gesucht/"" rel=""bookmark"">Oberarzt/Oberärztin in München gesucht</a>, <a href=""https://www.dgpraec.de/jobs/oberarzt-oberaerztin-in-muenchen-gesucht/"">weiterlesen</a>]",Oberarzt/Oberärztin in München gesucht
30,2019-01-16,"Das Klinikum Magdeburg ist ein führendes Akutkrankenhaus des Landes Sachsen-Anhalt und genießt auf diversen Fachgebieten bundesweit eine hervorragende Reputation. In 21 Kliniken und Instituten decken wir mit rund 1.850 Mitarbeitern das gesamte Spektrum klinischer Versorgung ab. Innerhalb unserer Klinik für Plastische-, Brust- und Ästhetische Chirurgie suchen wir ab sofort in Vollzeit (40 h/Woche) unbefristet einen […]",post-5403,"[<a href=""https://www.dgpraec.de/jobs/oberarzt-w-m-d-handchirurgie-in-magdeburg-gesucht/"" rel=""bookmark"">Oberarzt (w/m/d) Handchirurgie in Magdeburg gesucht</a>, <a href=""https://www.dgpraec.de/jobs/oberarzt-w-m-d-handchirurgie-in-magdeburg-gesucht/"">weiterlesen</a>]",Oberarzt (w/m/d) Handchirurgie in Magdeburg gesucht
31,2019-01-16,Das Städtische Klinikum Dresden verfügt über 1.453 Planbetten und 84 tagesklinische Plätze und bietet mit seinen vier Standorten und der Medizinischen Berufsfachschule eine umfassende medizinische Versorgung für die Menschen in der Landeshauptstadt Dresden und der Region. Mehr als 3.600 Mitarbeiter versorgen wohnortnah jährlich rund 62 500 Patienten stationär und 109.000 ambulant. Als Akademisches Lehrkrankenhaus der […],post-5401,"[<a href=""https://www.dgpraec.de/jobs/facharzt-oder-erfahrener-assistenzarzt-m-w-i-in-dresden-gesucht/"" rel=""bookmark"">Facharzt oder erfahrener Assistenzarzt (m/w/i) in Dresden gesucht</a>, <a href=""https://www.dgpraec.de/jobs/facharzt-oder-erfahrener-assistenzarzt-m-w-i-in-dresden-gesucht/"">weiterlesen</a>]",Facharzt oder erfahrener Assistenzarzt (m/w/i) in Dresden gesucht
32,2019-01-16,"Private Praxisklinik für Plastische und Ästhetische Chirurgie, Dr. Klöppel & Kollegen, sucht zur Erweiterung ihres Teams einen Facharzt/-ärztin für Plastische und Ästhetische Chirurgie zur Mitarbeit. Wir sind in München etabliert seit 13 Jahren, mit den Schwerpunkten Ästhetische-Gesichtschirurgie, -Brustchirurgie und -Körperformung. Wir suchen ärztliche Mitarbeiter zur Erweiterung unseres Teams mit langfristiger Berufsperspektive im Angestelltenverhältnis mit Umsatzbeteiligung […]",post-4997,"[<a href=""https://www.dgpraec.de/jobs/facharzt-aerztin-plastische-chirurgie-fuer-private-praxisklinik-aesthetische-chirurgie-in-muenchen-gesucht/"" rel=""bookmark"">Facharzt/-ärztin Plastische Chirurgie für Private Praxisklinik-Ästhetische Chirurgie in München gesucht</a>, <a href=""https://www.dgpraec.de/jobs/facharzt-aerztin-plastische-chirurgie-fuer-private-praxisklinik-aesthetische-chirurgie-in-muenchen-gesucht/"">weiterlesen</a>]",Facharzt/-ärztin Plastische Chirurgie für Private Praxisklinik-Ästhetische Chirurgie in München gesucht
33,2019-01-15,"Wir suchen zum nächst möglichen Zeitpunkt eine/n Assistenzarzt zur Weiterbildung für die Plastische- Ästhetische-, Rekonstruktive Chirurgie (w/m/d) (Vollzeit / Befristet im Rahmen der Weiterbildung zum Facharzt) Sie finden bei uns: Wir sind eine dynamische und innovative Abteilung im Herzen des Rheinlandes. Durch unsere Kooperation mit dem interdisziplinären Brustzentrum unserer Kliniken ist die onkologische und rekonstruktive […]",post-5394,"[<a href=""https://www.dgpraec.de/jobs/assistenzarzt-zur-weiterbildung-w-m-d-in-bonn-gesucht/"" rel=""bookmark"">Assistenzarzt zur Weiterbildung (w/m/d) in Bonn gesucht</a>, <a href=""https://www.dgpraec.de/jobs/assistenzarzt-zur-weiterbildung-w-m-d-in-bonn-gesucht/"">weiterlesen</a>]",Assistenzarzt zur Weiterbildung (w/m/d) in Bonn gesucht
34,2019-01-09,"Die Abteilung für Plastische Chirurgie und Handchirurgie der Evangelischen Elisabeth Klinik Berlin sucht einen Geschäftsführenden Oberarzt gleichberechtigt zum leitenden Oberarzt. Unsere Klinik hat ihre Schwerpunkte in der Rekonstruktiven Brustchirurgie (Brustzentrum nach DGPRÄC), der Behandlung chronischer Wunden (Wundzentrum nach ICW), der Handchirurgie (SAV der BG) und der geschlechtsangleichenden Operationen FzM und MzF. Wir suchen einen Facharzt […]",post-5376,"[<a href=""https://www.dgpraec.de/jobs/facharzt-fuer-plastische-und-aesthetische-chirurgie-mit-zusatzbezeichnung-handchirurgie-in-berlin-gesucht/"" rel=""bookmark"">Facharzt /ärztin für Plastische und Ästhetische Chirurgie mit Zusatzbezeichnung Handchirurgie in Berlin gesucht</a>, <a href=""https://www.dgpraec.de/jobs/facharzt-fuer-plastische-und-aesthetische-chirurgie-mit-zusatzbezeichnung-handchirurgie-in-berlin-gesucht/"">weiterlesen</a>]",Facharzt /ärztin für Plastische und Ästhetische Chirurgie mit Zusatzbezeichnung Handchirurgie in Berlin gesucht
35,2019-01-07,"Die KÖ-KLINIK GmbH sucht zum nächstmöglichen Zeitpunkt eine Fachärztin/einen Facharzt für Plastische und Ästhetische Chirurgie mit den Schwerpunkten Brusteingriffe jeglicher Art, Fettabsaugung, Körperstraffung und Plastisch-Ästhetische Gesicht-Hals-Chirurgie. Wir erwarten eine engagierte und teamfähige Persönlichkeit mit mindestens 10 Jahren Berufserfahrung im Bereich der Ästhetisch-Plastischen Chirurgie. Eine patientenorientierte Arbeitsweise, Verantwortungsbewusstsein und Kommunikationsstärke setzen wir ebenso voraus wie Flexibilität, […]",post-5295,"[<a href=""https://www.dgpraec.de/jobs/fachaerztin-facharzt-fuer-plastische-und-aesthetische-chirurgie-in-duesseldorf-ab-sofort-gesucht-2/"" rel=""bookmark"">Fachärztin/Facharzt für Plastische und Ästhetische Chirurgie in Düsseldorf ab sofort gesucht</a>, <a href=""https://www.dgpraec.de/jobs/fachaerztin-facharzt-fuer-plastische-und-aesthetische-chirurgie-in-duesseldorf-ab-sofort-gesucht-2/"">weiterlesen</a>]",Fachärztin/Facharzt für Plastische und Ästhetische Chirurgie in Düsseldorf ab sofort gesucht
36,2019-01-07,Für unsere Klinik für Handchirurgie und angeborene Handfehlbildungen im Krankenhaus Marienstift in Braunschweig mit 10 Betten und einem ärztlichen Stellenplan von 1-1-2 suchen wir zum 01.04.2019 oder früher eine Assistenzärztin / einen Assistenzarzt.   Die Stelle ist für Berufsanfänger und für angehende Fachärzte mit Interesse an der Handchirurgie geeignet.  Wenn Sie sich angesprochen fühlen und […],post-5289,"[<a href=""https://www.dgpraec.de/jobs/assistenzaerztin-assistenzarzt-in-braunschweig-gesucht/"" rel=""bookmark"">Assistenzärztin / Assistenzarzt in Braunschweig gesucht</a>, <a href=""https://www.dgpraec.de/jobs/assistenzaerztin-assistenzarzt-in-braunschweig-gesucht/"">weiterlesen</a>]",Assistenzärztin / Assistenzarzt in Braunschweig gesucht
37,2018-11-22,"Das Hochschulzentrum für Plastische-, Hand-, und Wiederherstellungschirurgie des Universitätsklinikums Regensburg unter der Leitung von Prof. Dr. Dr. Lukas Prantl sucht zum baldmöglichsten Zeitpunkt eine/n Fachärztin/Facharzt in Vollzeitbeschäftigung.   Das Hochschulzentrum für Plastische-, Hand- und Wiederherstellungschirurgie am Universitätsklinikum Regensburg ist mit zwei Standorten vertreten. Neben der Abteilung am Universitätsklinikum besteht ein weiterer Standort am Caritas Krankenhaus […]",post-5022,"[<a href=""https://www.dgpraec.de/jobs/fachaerztin-facharzt-in-regensburg-gesucht-3/"" rel=""bookmark"">Fachärztin/Facharzt in Regensburg gesucht</a>, <a href=""https://www.dgpraec.de/jobs/fachaerztin-facharzt-in-regensburg-gesucht-3/"">weiterlesen</a>]",Fachärztin/Facharzt in Regensburg gesucht
